codigo,nombre,categoria,precio,precio_original,tallas,etiqueta,foto_url,descripcion,activo
VB-10121,Capa,abrigos-chalecos,900.0,1125,"CH, M, G",Colección Gala,https://api.loyverse.com/image/6739931f-99ad-4b45-b090-d521b9624335,"Prenda disponible en Vonne Boutique Plaza La Fragua, Saltillo. Tallas: CH, M, G. Consulta existencias en tiempo real por WhatsApp.",SI
VB-10101,Chaleco Peluche Con Gorro,abrigos-chalecos,800.0,1000,UNITALLA,Colección Gala,https://api.loyverse.com/image/8f25f547-46e0-4b9a-9c9d-1054d810d4a9,"Prenda disponible en Vonne Boutique Plaza La Fragua, Saltillo. Tallas: UNITALLA. Consulta existencias en tiempo real por WhatsApp.",SI
VB-10098,Conjunto Tejidos Varios,conjuntos,800.0,1000,UNITALLA,Colección Gala,https://api.loyverse.com/image/61067dae-6479-4878-8a66-fec03f577abf,"Prenda disponible en Vonne Boutique Plaza La Fragua, Saltillo. Tallas: UNITALLA. Consulta existencias en tiempo real por WhatsApp.",SI
VB-10280,Vestido Flores Cinto Tela,vestidos,750.0,938,UNITALLA,Colección Gala,https://api.loyverse.com/image/3f0c2e3e-51a8-499a-883f-c5861dc377e0,"Prenda disponible en Vonne Boutique Plaza La Fragua, Saltillo. Tallas: UNITALLA. Consulta existencias en tiempo real por WhatsApp.",SI
VB-10078,BlusóN Cuello Alto,vestidos,700.0,875,UNITALLA,Colección Gala,https://api.loyverse.com/image/08347598-6b60-4d7f-88c5-860618f3ed51,"Prenda disponible en Vonne Boutique Plaza La Fragua, Saltillo. Tallas: UNITALLA. Consulta existencias en tiempo real por WhatsApp.",SI
VB-10277,Vestido Mesh Sin Manga,vestidos,600.0,750,UNITALLA,En Tienda,https://api.loyverse.com/image/55351bf9-df8e-463f-84a7-60cf56628f96,"Prenda disponible en Vonne Boutique Plaza La Fragua, Saltillo. Tallas: UNITALLA. Consulta existencias en tiempo real por WhatsApp.",SI
VB-10030,Short Lentejuela,pantalones-faldas,600.0,750,"CH, M, G",En Tienda,https://api.loyverse.com/image/e76601ea-d9aa-4dfd-83b1-12fc177c5309,"Prenda disponible en Vonne Boutique Plaza La Fragua, Saltillo. Tallas: CH, M, G. Consulta existencias en tiempo real por WhatsApp.",SI
VB-10094,Falda Larga Vaca Abertura Al Frente,pantalones-faldas,600.0,750,UNITALLA,En Tienda,https://api.loyverse.com/image/c8695ba3-d43f-457a-901c-c4ead9d81091,"Prenda disponible en Vonne Boutique Plaza La Fragua, Saltillo. Tallas: UNITALLA. Consulta existencias en tiempo real por WhatsApp.",SI
VB-10087,"Set 3 Piezas (Chaleco, Cinto Y Camisa)",blusas,600.0,750,UNITALLA,En Tienda,https://api.loyverse.com/image/523655f2-470e-4596-a1c7-410248879e20,"Prenda disponible en Vonne Boutique Plaza La Fragua, Saltillo. Tallas: UNITALLA. Consulta existencias en tiempo real por WhatsApp.",SI
VB-10286,Blazer Blanco,blazers,550.0,688,XXL,Favorito Saltillo,https://api.loyverse.com/image/a5132ad0-72da-49f2-b99a-d4ea07a8fb36,"Prenda disponible en Vonne Boutique Plaza La Fragua, Saltillo. Tallas: XXL. Consulta existencias en tiempo real por WhatsApp.",SI
VB-10281,Blusa Olanes Chifon,blusas,550.0,688,UNITALLA,En Tienda,https://api.loyverse.com/image/c4ac84ec-dd69-415c-ad79-0bf53f2c6f62,"Prenda disponible en Vonne Boutique Plaza La Fragua, Saltillo. Tallas: UNITALLA. Consulta existencias en tiempo real por WhatsApp.",SI
VB-10188,Blazer Negro,blazers,550.0,688,"CH, G, XL, XXL",Favorito Saltillo,https://api.loyverse.com/image/41a8a312-30b6-4654-8415-7c269d15f412,"Prenda disponible en Vonne Boutique Plaza La Fragua, Saltillo. Tallas: CH, G, XL, XXL. Consulta existencias en tiempo real por WhatsApp.",SI
VB-10107,SuéTer Tejido (Varios),abrigos-chalecos,550.0,688,UNITALLA,En Tienda,https://api.loyverse.com/image/2fd586e1-2d35-47b6-a70f-e4c01d5eec60,"Prenda disponible en Vonne Boutique Plaza La Fragua, Saltillo. Tallas: UNITALLA. Consulta existencias en tiempo real por WhatsApp.",SI
VB-10099,Vestido Gamuza Manga Corta,vestidos,550.0,688,UNITALLA,En Tienda,https://api.loyverse.com/image/d8fdf16b-cd9e-4f34-8f69-c9c44842b307,"Prenda disponible en Vonne Boutique Plaza La Fragua, Saltillo. Tallas: UNITALLA. Consulta existencias en tiempo real por WhatsApp.",SI
VB-10088,Camisa Vaca,blusas,550.0,688,UNITALLA,En Tienda,https://api.loyverse.com/image/0480d241-9f1d-484b-b8a6-8ec0647c1381,"Prenda disponible en Vonne Boutique Plaza La Fragua, Saltillo. Tallas: UNITALLA. Consulta existencias en tiempo real por WhatsApp.",SI
VB-10095,Mini Falda Gamuza Con Mini Abertura Al Frente,pantalones-faldas,500.0,625,UNITALLA,En Tienda,https://api.loyverse.com/image/b2ba58e4-fc67-4df7-b8b7-122172e4198c,"Prenda disponible en Vonne Boutique Plaza La Fragua, Saltillo. Tallas: UNITALLA. Consulta existencias en tiempo real por WhatsApp.",SI
VB-10069,Falda Abertura De Lado,pantalones-faldas,500.0,625,"CH, M",En Tienda,https://api.loyverse.com/image/a08a99a3-e151-4c97-8759-421552be5066,"Prenda disponible en Vonne Boutique Plaza La Fragua, Saltillo. Tallas: CH, M. Consulta existencias en tiempo real por WhatsApp.",SI
VB-10049,Pantalon Vinil Recto,pantalones-faldas,500.0,625,"CH, M, G, XL, XXL",En Tienda,https://api.loyverse.com/image/1bf8ff31-e1e5-4f7b-8599-64bde52be9c9,"Prenda disponible en Vonne Boutique Plaza La Fragua, Saltillo. Tallas: CH, M, G, XL, XXL. Consulta existencias en tiempo real por WhatsApp.",SI
VB-10170,Falda / Short Vinil Negra,pantalones-faldas,450.0,562,"CH, M, G, XL",En Tienda,https://api.loyverse.com/image/4a09ca11-bafd-40bc-acc6-98b8bb341bb6,"Prenda disponible en Vonne Boutique Plaza La Fragua, Saltillo. Tallas: CH, M, G, XL. Consulta existencias en tiempo real por WhatsApp.",SI
VB-10046,Cinto Gruesos,accesorios,450.0,562,UNITALLA,En Tienda,https://api.loyverse.com/image/7b9852cd-36c3-4085-a164-b6a815f25b28,"Prenda disponible en Vonne Boutique Plaza La Fragua, Saltillo. Tallas: UNITALLA. Consulta existencias en tiempo real por WhatsApp.",SI
VB-10028,PantalóN Vinil Entubado,pantalones-faldas,450.0,562,"CH, M",En Tienda,https://api.loyverse.com/image/9a189059-c6df-4fe6-ade9-862170be5634,"Prenda disponible en Vonne Boutique Plaza La Fragua, Saltillo. Tallas: CH, M. Consulta existencias en tiempo real por WhatsApp.",SI
VB-10010,Blazer Rojo,blazers,400.0,500,"CH, M, XL, XXL",Favorito Saltillo,https://api.loyverse.com/image/755b9ee0-cdee-4f13-821a-e3788ea4dfed,"Prenda disponible en Vonne Boutique Plaza La Fragua, Saltillo. Tallas: CH, M, XL, XXL. Consulta existencias en tiempo real por WhatsApp.",SI
VB-10112,Medias NiñA,accesorios,250.0,312,UNITALLA,Oferta,https://api.loyverse.com/image/af616241-70db-4d05-b111-6690ad54cdc3,"Prenda disponible en Vonne Boutique Plaza La Fragua, Saltillo. Tallas: UNITALLA. Consulta existencias en tiempo real por WhatsApp.",SI
